STATION,COUNTY,LATITUDE,LONGITUDE,ELEVATION,NETWORK
Alma 5SE,Waubansee,38.96615,-96.2063,428.0,KSRE
Ashland 8S,Clark,37.064758,-99.75109,562.0,KSRE
Ashland Bottoms,Riley,39.125773,-96.63653,324.612,KSRE
Belleville 2W,Republic,39.81409,-97.675093,471.0,KSRE
Bennington 3N,Ottawa,39.0738,-97.5862,392.0,KSRE
Bentley 2S GMD,Sedgwick,37.85386,-97.53311,422.0,KSRE
Bunker Hill 3NE,Russell,38.91282,-98.6738,546.0,KSRE
Butler,Butler,37.80431,-96.88306,400.812,KSRE
Cairo,Pratt,37.650257,-98.55513,524.8656,BBW
Cherokee,Cherokee,37.19898,-94.9809,263.35,KSRE
Cheyenne,Cheyenne,39.62647,-101.80749,1113.7392,KSRE
CheyenneTower,Cheyenne,39.633333,-101.815833,1113.7392,KSRE
Clay,Clay,39.41796,-97.13977,388.3152,KSRE
Colby,Thomas,39.39247,-101.06864,972.312,KSRE
Corning 2NW,Nemaha,39.6883,-96.0518,410.0,KSRE
Cullison,Pratt,37.630581,-98.905373,620.8776,BBW
Cummings 3NW,Atchison,39.49865,-95.2854,330.0,KSRE
Denmark 1NW,Lincoln,39.10223,-98.29702,446.0,KSRE
East Sedgwick,Sedgwick,37.871,-97.205,427.0248,
Ekdahl Green Roof,Riley,39.19,-93.58,330.0,KSRE
Elmdale 1SE,Chase,38.36252,-96.618227,406.0,KSRE
Flickner Tech Farm,McPherson,38.203408,-97.572003,447.0,KSRE
Garden City,Finney,37.99733,-100.81514,882.0912,KSRE
Goodland Tech Farm,Sherman,39.36546,-101.69683,1112.0,KSRE
Gove 5SE,Gove,38.9161,-100.396,781.0,KSRE
Grant,Grant,37.64962,-101.36637,934.212,KSRE
Gray,Gray,37.79157,-100.29734,794.3088,KSRE
Great Bend,Barton,38.364452,-98.764809,585.8256,BBW
Greensburg,Kiowa,37.602798,-99.29261,681.228,BBW
Gypsum,Saline,38.72522,-97.44415,373.0,KSRE
Hamilton,Hamilton,37.97635,-101.769,987.999,KSRE
Harper,Harper,37.06478,-98.08473,427.6344,KSRE
Harvey,Harvey,38.140699,-97.642002,441.0456,EBW
Haskell,Haskell,37.65916,-101.0267,934.8216,KSRE
Hays,Ellis,38.84945,-99.34461,618.744,KSRE
Haysville,Sedgwick,37.519775,-97.312143,378.428,KSRE
Haysville 3SE,Sedgwick,37.519775,-97.312143,378.428,KSRE
Hesston,Harvey,38.1333,-97.4,457.2,
Hiawatha,Brown,39.84238,-95.48187,308.461,KSRE
Hill City,Graham,39.37412,-99.82987,665.086,KSRE
Hodgeman,Hodgeman,38.10067,-99.9016,715.9752,KSRE
HodgemanTower,Hodgeman,38.10067,-99.9016,715.9752,KSRE
Hoisington 4S,Barton,38.45245,-98.7936,508.0,KSRE
Howard 14NW,Elk,37.55005,-96.49133,480.0,KSRE
Hutchinson,Reno,37.93099,-98.02708,465.1248,EBW
Hutchinson 10SW,Reno,37.93097,-98.02,468.8,KSRE
Hutchinson 1NW GMD,Reno,38.08618,-97.96809,473.0,KSRE
Jewell,Jewell,39.68342,-98.21306,540.1056,KSRE
Kinsley 6S,Edwards,37.83911,-99.43109,675.0,KSRE
Konza Prairie,Riley,39.0884,-96.5458,435.6,KSRE
La Crosse,Rush,38.54097,-99.2805,625.666,KSRE
Lake City,Barber,37.309108,-98.793556,509.3,KSRE
Lakin,Kearny,37.893682,-101.232583,912.865,KSRE
Lane,Lane,38.50877,-100.61469,872.365,KSRE
Larned 6SW,Pawnee,38.1292,-99.18492,619.0,KSRE
Lebanon 2SW,Smith,39.79845,-98.58723,541.0,KSRE
Leoti,Wichita,38.48336,-101.32772,1001.5728,KSRE
Lewis,Edwards,37.936127,-99.252609,828.1416,BBW
Little River 2W,Rice,38.39251,-98.04906,515.0,KSRE
Lorraine,Ellsworth,38.55798,-98.35203,542.0,KSRE
Ludell 3N,Rawlins,39.90223,-100.96291,917.0,KSRE
Macksville,Stafford,37.959187,-98.968704,620.268,BBW
Manhattan,Riley,39.20857,-96.59169,332.232,KSRE
Mayetta 6W,Jackson,39.3432,-95.85392,359.0,KSRE
McPherson,McPherson,38.36426,-97.699999,451.104,EBW
McPherson 1S,McPherson,38.34503,-97.663311,453.0,KSRE
Meade,Meade,37.13484,-100.39561,717.804,KSRE
Miami,Miami,38.59228,-94.84786,291.3888,KSRE
Mitchell,Mitchell,39.43712,-98.21001,453.2376,KSRE
Mobile_Station,Mobile,37.773344,-100.952989,894.087,
Moscow 10NW,Stevens,37.373222,-101.378416,947.0,KSRE
Mount Hope 3NE,Sedgwick,37.8977,-97.62886,448.0,KSRE
Mount Hope 3NE GMD,Sedgwick,37.8977,-97.62886,448.0,KSRE
Ness City,Ness,38.386119,-99.855547,678.0,KSRE
North Reno,Reno,38.122035,-98.009244,484.9368,EBW
Norton 4SW,Norton,39.80575,-99.96921,720.0,KSRE
Oberlin 7NE,Decatur,39.8981,-100.4413,789.0,KSRE
Olathe,Johnson,38.88303,-94.9911,283.625,KSRE
Osage,Osage,38.69704,-95.60859,302.0568,KSRE
Osborne,Osborne,39.45438,-98.70348,490.1184,KSRE
Oskaloosa 1SE,Jefferson,39.2058,-95.3084,345.0,KSRE
Ottawa,Franklin,38.53914,-95.2481,299.3136,KSRE
Ottawa 2SE,Franklin,38.54268,-95.24647,295.0,KSRE
Overbrook,Osage,38.716584,-95.516262,340.0,KSRE
Parsons,Labette,37.36875,-95.28771,287.7312,KSRE
Phillipsburg 1SW,Phillips,39.7417,-99.353,587.0,KSRE
Plainville 5N,Rooks,39.32151,-99.29424,611.0,KSRE
Powhattan,Brown,39.8,-95.8,365.76,
Pretty Prairie,Reno,37.77738,-98.02912,478.0,KSRE
Pretty Prairie GMD,Reno,37.77738,-98.02912,478.0,KSRE
Radium,Stafford,38.174187,-98.893433,602.8944,BBW
Richfield,Morton,37.25874,-101.79195,1045.54,KSRE
Rock Springs,Dickinson,38.866853,-96.902869,374.0,KSRE
Rocky Ford,Riley,39.23164,-96.58049,318.121,KSRE
Rossville,Shawnee,39.11638,-95.92598,276.4536,KSRE
Rossville 2SE,Shawnee,39.11661,-95.91572,276.4536,KSRE
Roth Tech Farm,Finney,38.03561,-101.0308,895.8072,KSRE
Rozel,Pawnee,38.195847,-99.403168,631.8504,BBW
Russell Springs 3SW,Logan,38.8863,-101.222,939.0,KSRE
Satanta,Seward,37.30539,-100.88717,879.62,KSRE
Scandia,Republic,39.82864,-97.83894,457.2,KSRE
Scott,Scott,38.534669,-100.730783,890.016,
Scott City 3SE,Scott,38.465548,-100.849959,905.0,KSRE
Sedan,Chautauqua,37.165,-96.228,302.9712,KSRE
Sedgwick,Sedgwick,37.890235,-97.632127,431.5968,EBW
Seguin 3E,Sheridan,39.33685,-100.53052,844.0,KSRE
Sheridan,Sheridan,39.35736,-100.61046,883.0056,KSRE
Sherman,Sherman,39.28125,-101.81936,1155.8016,KSRE
Silver Lake,Shawnee,39.07788,-95.77059,270.6624,KSRE
Silver Lake 4E,Shawnee,39.09213,-95.78153,274.0,KSRE
South Reno,Reno,37.798516,-98.00514,477.012,EBW
Spearville,Ford,37.902454,-99.869524,706.883,KSRE
St John,Stafford,37.9571,-98.74813,586.74,KSRE
St John 1NW,Stafford,38.014256,-98.775066,578.0,KSRE
Stafford,Stafford,37.962234,-98.600639,566.3184,BBW
Stanton,Stanton,37.61355,-101.72838,999.744,KSRE
Sterling,Rice,38.210011,-98.207008,499.872,BBW
Stevens,Stevens,37.35186,-101.35548,947.3184,KSRE
Sublette 10NE,Haskell,37.62326,-100.78077,887.0,KSRE
Sublette 1E,Haskell,37.490035,-100.818246,886.0,KSRE
Tribune,Greeley,38.46625,-101.77522,1108.566,KSRE
Tribune 6NE,Greeley,38.53041,-101.66434,1098.0,KSRE
Uniontown 3NW,Bourbon,37.8815,-95.0082,324.0,KSRE
Viola,Sumner,37.45972,-97.62469,413.49168,KSRE
WaKeeney,Trego,39.0228,-99.8669,749.0,KSRE
Wallace,Wallace,38.8198,-101.85299,1130.1984,KSRE
Washington,Washington,39.782293,-97.054804,418.613,KSRE
Welda 3E,Anderson,38.17566,-95.24204,353.0,KSRE
Willis Tech Farm,Finney,37.77364,-100.95202,894.087,KSRE
Woodson,Woodson,37.8612,-95.7836,338.0232,KSRE
